.,2014-02-01 13:09:50
《论电影的七个元素》——关于我对电影的一些看法以及《后会无期》的一些消息,2014-01-14 15:29:49
2013年09月27日,2013-09-27 14:12:09
2013年09月06日,2013-09-06 13:51:53
一次告别,2013-08-16 02:08:35
地震思考录,2013-04-21 10:05:23
新年答朋友问（1）,2013-02-28 07:54:57
要客访泰记,2012-12-18 14:06:54
让大家扫兴了,2012-11-28 10:57:36
东望洋,2012-11-17 02:26:59
《春萍，我做到了》,2012-11-02 09:30:08
碎片,2012-10-10 09:31:28
ONE IS ALL,2012-10-08 14:07:56
2012年09月25日,2012-09-25 15:04:09
关于作家维权联盟起诉百度的几点声明,2012-07-12 00:37:21
已来的主人翁,2012-07-04 09:09:03
什邡的释放,2012-07-03 09:49:38
一个流传多年的谣言,2012-06-28 06:31:21
我所理解的生活,2012-06-20 09:26:51
操，你想怎样——几部电影的影评,2012-05-18 03:34:40
太平洋的风,2012-05-10 03:21:27
为止,2012-04-29 01:01:56
就要做个臭公知,2012-04-20 07:44:51
各自万古流,2012-04-16 11:49:44
我和官员的故事,2012-04-13 09:53:23
来，带你在长安街上调个头,2012-04-11 11:25:21
少年游,2012-04-08 22:39:31
写给每一个自己,2012-04-05 08:38:50
写给张国荣,2012-04-01 08:38:41
让一部分人先选起来,2012-02-12 01:26:24
重庆美剧,2012-02-10 03:58:35
这一代人 （2012年版）,2012-02-06 07:13:32
二月零三日,2012-02-03 04:23:11
转发——《质疑鲁迅》，作者方尺规。,2012-01-30 21:04:48
我写下的这些都可以成为呈堂证供,2012-01-29 03:51:38
答春绿,2012-01-28 18:55:52
看着手稿真欢乐——附16岁写孔庆东文章一篇,2012-01-28 02:44:19
我的父亲韩仁均以及他的作品,2012-01-27 14:08:14
《光明和磊落》——我的手稿集,2012-01-25 05:29:59
孤方请自赏,2012-01-20 20:36:46
人造方舟子,2012-01-19 21:30:42
超常文章一篇,2012-01-19 00:31:06
正常文章一篇,2012-01-18 16:59:55
小破文章一篇,2012-01-16 04:14:57
我的2011,2012-01-08 06:11:33
要自由,2011-12-26 05:32:13
说民主,2011-12-24 17:30:02
谈革命,2011-12-23 06:09:34
问我,2011-11-30 06:32:47
这事儿都过气了,2011-11-16 16:18:33
序言一篇,2011-11-09 04:51:39
2011年11月03日,2011-11-03 14:22:01
格调不高怎么办,2011-11-02 18:42:22
测试,2011-10-16 00:13:08
2011-6-30,2011-06-30 16:25:16
我在上海，活的很好,2011-06-25 00:42:22
游戏指南,2011-05-28 00:07:45
三峡是个好大坝,2011-05-22 21:50:41
黄艺博是个好干部,2011-05-04 22:48:02
爱的代价,2011-04-21 04:20:56
给李彦宏先生的一封信,2011-03-26 04:33:37
为了食油，声讨百度,2011-03-25 14:25:09
独裁者没有内政,2011-03-21 03:31:09
马上会跌，跌破一千,2011-02-22 04:57:49
乞,2011-02-11 07:03:59
你是谁，问这个干什么？,2011-01-20 18:30:43
他人的生活,2011-01-17 00:04:56
需要真相，还是需要符合需要的真相,2011-01-03 03:32:37
后会有期,2010-12-28 03:39:33
十一月大火的过程,2010-11-16 00:47:09
2010年，上海大火,2010-11-16 00:08:58
2010年10月08日,2010-10-09 01:32:37
2010年09月22日,2010-09-22 00:38:33
保住非法字符,2010-09-13 04:58:11
2010年09月03日,2010-09-03 06:50:57
心里暖洋洋，后背凉飕飕,2010-08-15 19:03:28
2010年07月28日,2010-07-28 02:05:12
亚细亚的孤儿,2010-06-24 02:01:12
2010年06月12日,2010-06-12 07:08:01
莫名，我就仇恨你,2010-06-11 06:31:28
2010年06月10日  一些琐事,2010-06-10 02:11:15
青春,2010-05-28 04:30:39
2010年05月27日,2010-05-27 05:47:03
那些洗不干净的葱们,2010-05-14 22:51:09
把酒言欢  言无不尽,2010-05-07 18:38:57
.,2010-05-02 13:20:42
诸恶与众善,2010-04-14 02:15:03
散文一篇,2010-04-07 04:24:36
陌生人的来信,2010-04-05 03:00:16
2010年3月15日,2010-03-15 12:36:03
我去哪里找，像你那么好,2010-03-14 01:17:22
悲伤的坐在你身旁,2010-03-08 20:04:53
韩峰是个好干部,2010-03-04 10:58:39
前扑后继,2010-02-25 03:57:33
太紧,2010-02-23 16:00:53
亚克西填词大赛,2010-02-15 19:15:42
春天的故事,2010-02-15 02:26:01
答记者问——送点土特产,2010-02-11 19:20:13
"感谢你,孔子",2010-02-08 03:54:26
海豚湾,2010-02-03 17:02:16
看孔子,2010-01-25 03:59:33
我只是在探索,2010-01-15 05:05:56
三事,2010-01-09 02:23:38
2010年01月05日,2010-01-05 00:22:50
2010,2009-12-30 04:01:24
城市，让人民死的早,2009-12-23 12:15:06
2009年12月22日,2009-12-22 12:51:27
亚克西,2009-12-16 01:54:04
给点咸菜吃,2009-12-14 12:21:58
拍一拍身上的土,2009-12-12 01:17:43
一些近况,2009-12-10 20:22:54
这些狗真麻烦,2009-11-24 03:57:10
我接受谷歌的六十美元，并欢迎谷歌扫描我的图书,2009-11-23 00:14:04
2009年11月21日,2009-11-21 01:41:18
一条船上的人,2009-11-05 05:13:52
2009年11月04日,2009-11-04 04:11:37
2009年11月03日,2009-11-03 12:46:35
《独唱团》,2009-10-27 15:08:44
莫伸手，伸手必被捉,2009-10-26 14:10:25
文化大国,2009-10-23 17:08:23
这是一个庞大而复杂的工程,2009-10-15 02:44:40
G8高速公路,2009-10-13 04:28:05
参考消息,2009-09-20 12:59:37
这个国家将迎来国庆，这个城市将迎来世博,2009-09-16 05:11:38
2009年09月15日,2009-09-15 01:22:32
这一定是造谣（1）,2009-09-11 03:11:23
前无古人，后有来者,2009-09-09 18:39:47
赴澳大利亚监督指导世界拉力锦标赛的工作报告,2009-09-03 22:42:43
终于和你合影了,2009-09-01 22:27:20
几多事,2009-08-27 02:50:42
建国大业,2009-08-12 04:39:16
2009年08月08日,2009-08-08 23:02:31
SAY GOODBYE,2009-08-06 00:13:36
居然真的是他,2009-08-01 04:06:21
胡斌进去，胡彦斌出来,2009-07-30 01:00:35
500年前,2009-07-25 12:53:05
2009年07月19日,2009-07-19 13:23:40
所有人问所有人,2009-07-17 03:12:36
紧张啊，目标太难捕捉了,2009-07-15 00:53:44
我回来了,2009-07-11 10:55:12
上海大楼倒塌处理方案（内参）,2009-07-03 12:57:55
我很想上,2009-07-01 22:50:11
必须竖中指,2009-06-29 13:46:00
毫无保留,2009-06-27 23:59:20
2009年06月25日,2009-06-25 01:44:45
2009年06月16日,2009-06-16 20:34:22
好热,2009-06-14 21:41:54
绿坝系统提醒你，以下内容包含不良信息,2009-06-11 15:53:28
南京，6月9日,2009-06-09 04:33:40
嫖娼启示录   （第二季）,2009-06-08 16:38:04
2009年06月05日,2009-06-05 01:51:26
2009年05月25日,2009-05-25 04:51:33
被迫盼世博,2009-05-21 11:34:58
不出意外，出意外了,2009-05-19 20:50:23
为什么,2009-05-18 01:24:53
已通过专家论证，周边居民无需担心安全,2009-05-17 19:42:09
2009年05月16日,2009-05-16 14:41:54
2009年05月14日,2009-05-14 23:30:43
该关心的和不该关心的,2009-05-12 15:16:31
2009年05月11日,2009-05-11 03:04:01
四事,2009-05-06 14:43:36
新杂志的征稿信，征人信，稿费标准，投稿邮箱。,2009-05-01 04:35:34
2009年04月24日,2009-04-24 13:27:47
像成龙一样学会揣摩圣意,2009-04-21 13:33:19
三事,2009-04-19 19:32:03
2009年04月15日,2009-04-15 01:50:18
两个代表,2009-04-07 15:51:07
我的狗,2009-03-24 05:12:55
公务员是弱势群体,2009-03-08 05:09:07
没有山寨就没有新中国,2009-03-07 16:56:02
日记 [2009年03月06日],2009-03-05 23:36:54
挪威,2009-02-25 20:36:28
来自上海的神秘公司,2009-02-06 20:10:43
直辖市小费,2009-01-31 17:09:56
怎样才能把官当好,2009-01-31 06:35:30
北川政府继续说谎,2009-01-23 18:17:48
活着的人要更好的活下去,2009-01-22 05:05:33
灾区政府采购忙，北川出手最大方,2009-01-21 05:04:06
含泪劝车主书：留下买路钱,2009-01-18 05:52:22
第一版,2009-01-13 01:03:29
嫖娼启示录,2009-01-04 04:46:49
期待我们往日的灵魂附体,2009-01-03 05:11:45
新年几事,2008-12-24 18:02:51
五毛现形记,2008-12-23 04:24:49
冯顺桥颂,2008-12-20 05:20:50
郑继超影视基地,2008-12-14 23:09:35
年度总结,2008-12-14 12:42:55
必须抵制法国货,2008-12-10 03:52:37
他的国,2008-12-01 13:18:27
最贵的一次出台,2008-11-27 01:49:10
重大好人好事,2008-11-23 02:29:34
日记 [2008年11月11日],2008-11-11 20:45:10
衣不如新，人还如旧,2008-10-30 00:08:43
近日汇报,2008-10-28 02:25:53
人家明明是很单纯的麽~~~~,2008-10-17 00:35:23
结,2008-10-15 14:26:46
记一件无能为力的事,2008-10-14 21:42:55
不要上天津市政府的当,2008-10-12 11:24:03
日记 [2008年10月08日],2008-10-08 01:46:00
驯化和孵化,2008-09-23 03:23:17
副主席郑主席,2008-09-20 14:33:14
取消校服,2008-09-20 04:47:39
领悟,2008-09-19 12:56:16
特选无毒奶品供出口和奥运会,2008-09-17 00:41:56
哎，该怎么弄呢,2008-09-15 04:14:10
关于中国电影的十堆炮灰,2008-09-13 02:03:49
开车被持刀抢劫怎么办,2008-09-09 11:55:55
北京长期单双号限行之后,2008-09-05 22:00:02
中国电影金鸡巴奖和百花痴奖,2008-09-03 21:26:38
搞什么搞,2008-08-29 05:42:44
熄火猜想,2008-08-24 20:07:50
可怜的运动员,2008-08-24 04:10:27
希望刘翔再破世界记录,2008-08-18 13:47:46
三四事,2008-08-16 03:03:35
假假唱,2008-08-14 03:06:06
和,2008-08-08 21:36:27
点火猜想,2008-08-07 05:03:16
好看不好看,2008-08-04 02:12:44
二三事,2008-08-02 04:23:08
终于出了亚洲,2008-07-22 02:53:00
我要求砸锅卖铁赞助奥运会,2008-07-17 18:18:13
改规则,2008-07-12 23:55:40
有一个活动,2008-07-12 01:27:00
一次伟大的自慰,2008-07-09 04:08:43
说点风花雪月,2008-07-04 14:11:21
没头脑还不高兴,2008-06-25 16:52:58
伺候舒服为止,2008-06-24 02:10:06
严禁发表个人喜好,2008-06-21 05:07:01
大师们，我等无条件臣服于您,2008-06-20 05:20:25
生而为向小孩们吹牛,2008-06-19 13:13:16
写给徐浪,2008-06-17 17:25:00
互动,2008-06-17 01:34:44
幸亏没入作协,2008-06-13 20:43:32
统一大业,2008-06-13 14:23:30
红白来的狗,2008-06-10 13:12:53
我们应该更友善,2008-06-05 12:29:40
.,2008-06-05 12:29:40
不要动不动就举国暴怒,2008-06-04 14:04:33
第一批的物资感谢名单,2008-06-02 17:10:12
她在错误的时间，错误的地点和错误的媒体说……,2008-06-01 01:31:21
我决定,2008-05-27 03:44:46
演唱会,2008-05-26 00:18:01
再见四川,2008-05-21 21:05:41
日记 [2008年05月17日]更新。,2008-05-17 03:05:51
消息,2008-05-16 00:17:54
日记 [2008年05月15日]（更新）,2008-05-15 10:56:14
工作汇报,2008-05-11 19:29:11
引擎,2008-05-08 22:19:25
看摩托GP，反对禁摩,2008-05-04 22:53:45
又打破世界纪录,2008-05-01 03:51:52
强烈要求世界像朝鲜一样,2008-04-29 12:42:42
我要两块钱！,2008-04-26 13:27:51
如果你是学生,2008-04-25 13:59:04
回答爱国者的问题,2008-04-23 20:21:24
爱国，更爱面子,2008-04-23 03:46:32
爱国，更爱面子,2008-04-23 02:00:11
精准对焦大汉奸，生动捕捉卖国贼，唯有尼康,2008-04-22 03:30:32
问,2008-04-21 12:06:14
赶集,2008-04-20 15:48:34
他们害怕了！他们害怕了！,2008-04-16 04:30:43
一种重要东西的倒退,2008-04-14 21:56:39
看过“成人网站”后的反馈,2008-04-13 23:36:06
他们对不起松岛枫,2008-04-12 08:31:41
别拿下一代做道具——致网易论坛,2008-04-11 04:24:57
雷,2008-04-09 02:05:31
我和我父母的合影,2008-03-29 06:04:26
流量太大,2008-03-23 22:32:03
日记 [2008年03月23日],2008-03-23 02:23:45
日记 [2008年03月20日],2008-03-20 23:40:13
西藏问题还需出动城管,2008-03-19 00:00:22
松岛枫,2008-03-17 04:09:48
日记 [2008年03月15日],2008-03-15 03:26:22
摄影年事件三，党对摄影的要求很高,2008-03-03 00:34:18
日记 [2008年02月26日],2008-02-26 00:41:24
.,2008-02-25 04:11:32
记录,2008-02-21 22:45:32
你是上海的小姐吗？,2008-02-15 04:13:50
2008年1号文件,2008-02-07 16:49:03
这一代人,2008-02-05 02:33:36
香港艺人自己保重，内地警方现在没空,2008-02-02 14:54:44
好多的皮条客,2008-02-02 02:04:27
摄影年,2008-02-01 14:52:31
现代诗一首：周正龙的反义词原来是陈冠希,2008-02-01 01:11:16
中央电视台很*很**,2008-01-24 16:46:48
我就像这个世界,2008-01-18 17:24:49
对于中国Ｃ－ＮＣＡＰ的质疑,2008-01-08 16:52:51
西,2008-01-01 23:47:26
献给王唯懿,2007-12-28 15:52:41
几个事情,2007-12-23 23:15:25
千万不要这样想,2007-12-20 01:39:07
上海一些不合理的交通设施,2007-12-16 05:39:04
别这样,2007-12-13 04:07:34
国家林业局５个小时后的记者发布会的现场记录,2007-12-04 04:44:44
现代诗一首,2007-11-29 00:32:39
有喜了,2007-11-27 14:02:30
演习了,2007-11-24 23:40:31
举国同庆,2007-11-23 04:36:07
同学聚会,2007-11-21 02:28:22
局部又油荒了,2007-11-17 03:19:53
咨询 2,2007-11-15 03:17:21
局部完美的结局,2007-11-12 01:52:08
文人几文,2007-11-08 00:08:58
千万别再用电脑写诗了,2007-11-01 15:00:50
铁甲威龙，忍者神龟，出发,2007-10-30 04:43:07
终于得到了年度车手总冠军,2007-10-22 02:23:11
这想象力,2007-10-17 22:31:21
太贵,2007-09-29 03:07:45
礼物,2007-09-24 00:16:03
标题,2007-09-22 04:47:42
这不是国际濒危的保护动物吗，杀了两都敢上新闻？,2007-09-19 05:10:28
国人的奇特心理,2006-12-12 22:27:01
今年的比赛,2006-12-04 10:22:42
深圳的警察,2006-12-03 02:02:59
好枪法,2006-11-28 00:42:04
我国的犯罪性价比,2006-11-24 21:53:06
小报告和胡指导,2006-11-19 02:20:33
